edep,crystal,slice_sect,num_of_int
61.454,116,5,1
236.498,2,14,1
379.378,2,24,1
264.125,2,23,1
1680.0,157,4,3
80.0,59,0,1
16.929,31,14,1
45.961,31,4,2
220.426,31,3,3
350.442,4,10,1
351.887,4,31,1
26.857,4,20,1
150.814,4,21,1
357.85,51,22,1
80.0,60,3,1
297.702,79,11,1
182.298,79,1,1
224.871,70,30,1
641.525,60,44,1
29.274,67,20,1
392.791,67,30,3
57.935,66,20,1
100.409,67,30,1
1188.6820000000002,77,0,7
80.0,111,1,1
248.618,133,1,1
189.461,159,14,3
880.0,48,2,4
58.279,65,15,1
48.881,65,25,2
109.257,65,35,1
80.0,123,5,1
154.238,20,15,1
3.589,18,11,1
280.526,18,21,1
80.0,123,3,1
90.713,86,33,1
389.28700000000003,134,41,2
199.30200000000002,144,3,2
1492.461,82,32,2
187.539,82,42,1
80.0,87,4,1
480.0,153,1,3
40.199,65,32,1
703.197,42,3,1
124.989,42,13,1
346.81800000000004,42,23,3
1299.273,25,10,3
19.033,25,4,1
361.693,25,3,4
80.0,102,4,3
480.0,51,15,4
50.116,160,25,1
544.366,160,35,1
285.518,160,20,1
1025.144,73,41,1
254.856,72,35,2
480.0,81,1,2
153.071,105,4,1
1367.884,58,11,1
141.964,57,0,1
170.153,57,10,2
80.0,47,1,1
480.0,74,22,3
178.092,58,1,1
196.268,58,21,1
208.212,59,50,1
297.428,59,42,3
484.318,138,13,1
446.677,138,23,1
349.005,138,32,2
480.0,28,1,1
384.1,164,44,1
447.876,14,12,1
832.124,44,43,2
183.893,152,3,1
348.517,151,14,1
531.4830000000001,153,52,4
163.791,39,23,1
126.592,39,44,1
821.013,100,11,1
421.924,100,12,2
80.0,139,4,1
951.163,102,15,1
57.993,102,13,1
234.235,102,22,2
36.61,102,23,1
184.15,102,22,1
993.204,117,55,1
80.0,19,3,1
66.634,64,31,1
413.366,64,41,2
71.007,144,31,1
159.271,79,0,1
197.38199999999998,79,1,2
1418.735,69,2,1
252.298,23,0,1
80.0,64,4,1
160.836,63,35,1
144.171,66,43,2
174.993,60,24,3
54.133,100,30,1
139.545,100,40,1
1414.552,6,55,1
112.233,6,54,1
80.0,29,5,1
263.179,89,23,1
216.821,89,13,1
880.0,12,14,1
1003.858,92,3,2
12.606,125,2,1
263.536,77,12,1
1304.064,71,32,1
375.936,71,35,5
333.42900000000003,93,21,2
146.57,93,11,1
767.096,87,40,1
80.0,9,0,1
283.572,31,2,1
69.52,12,11,1
126.908,12,1,3
184.645,93,11,2
73.986,93,21,1
590.204,115,1,1
310.83,111,33,1
143.332,111,42,1
235.634,112,30,1
179.779,120,52,1
92.091,124,42,1
157.187,124,52,1
50.47,64,20,1
703.198,64,30,3
126.332,64,35,2
80.0,108,3,1
292.756,143,10,1
187.244,143,0,1
1043.832,156,24,2
37.102,156,14,1
199.066,123,5,1
80.0,137,4,1
170.73600000000002,32,10,2
136.997,41,4,1
862.694,41,24,1
250.946,41,34,1
306.026,41,45,2
123.338,41,44,3
80.0,36,2,1
295.132,40,20,1
184.86800000000002,40,10,2
302.86100000000005,77,14,2
42.209,73,22,1
133.5,73,12,1
135.013,85,1,2
966.7080000000001,136,23,2
85.713,136,34,1
532.175,152,32,1
80.0,134,4,1
241.447,64,2,1
118.762,66,1,2
119.792,66,2,1
386.358,36,32,1
169.714,39,55,2
592.884,158,22,2
80.0,162,1,1
336.355,132,5,3
826.981,37,31,2
318.994,37,41,1
62.966,37,31,1
134.025,37,42,1
336.121,75,4,1
355.822,75,11,1
23.023,75,2,1
165.034,75,3,1
339.867,44,12,1
292.527,44,55,1
1233.317,160,0,1
3.381,160,11,1
254.059,162,45,1
14.284,162,30,1
55.524,162,31,1
31.181,162,40,1
88.254,162,41,1
80.0,144,0,1
96.103,120,13,1
50.010999999999996,123,14,2
66.83500000000001,123,24,2
80.0,126,4,1
128.822,30,25,3
97.717,30,35,1
62.24,31,41,1
191.221,31,40,2
287.531,62,2,1
311.254,60,21,2
14.833,60,11,1
112.955,60,1,1
848.619,52,32,2
26.855,52,41,1
911.862,104,0,1
240.345,104,15,1
293.84,102,50,1
55.238,102,40,1
178.715,102,51,1
80.0,95,3,1
1486.31,23,12,3
42.134,23,3,1
151.556,47,2,1
73.451,160,3,1
27.192,31,50,1
1324.916,139,41,1
355.084,138,45,1
73.115,130,22,1
151.585,148,12,1
471.372,148,21,1
63.936,148,14,1
193.107,148,24,3
480.043,15,4,1
525.478,15,14,1
274.479,15,15,1
1389.6009999999999,32,34,2
147.527,30,51,1
80.0,39,2,1
533.044,148,24,2
708.3800000000001,151,32,2
571.62,151,42,3
80.0,129,2,2
358.241,112,10,2
121.759,111,25,1
721.443,140,20,2
158.557,140,21,1
311.076,161,0,2
168.924,161,10,1
398.114,140,3,1
62.006,142,45,1
1280.0,125,3,3
589.289,93,0,1
98.493,94,20,1
348.88000000000005,94,11,6
80.0,71,1,1
351.187,158,4,2
33.609,158,12,1
95.205,158,13,1
622.821,115,3,1
80.0,54,0,1
89.576,74,12,1
64.969,74,41,1
217.366,157,22,1
1062.634,157,32,4
1425.509,39,35,1
205.232,67,0,1
65.469,103,1,1
256.156,57,0,2
15.115,57,1,1
186.40800000000002,59,15,2
272.185,94,44,1
399.781,94,54,1
78.904,163,53,1
127.34,163,43,1
1090.099,102,33,1
290.638,105,53,1
80.0,3,0,1
480.0,87,23,1
331.672,5,2,2
1035.876,134,31,1
73.67,134,20,2
10.059,134,25,1
160.39600000000002,132,21,2
1434.668,129,22,1
10.321,129,12,1
235.011,107,3,1
80.0,20,3,1
32.956,25,1,1
75.922,25,11,1
249.44199999999998,25,21,3
121.68,24,35,1
80.0,23,4,1
880.0,160,45,2
97.732,57,14,1
84.233,57,34,1
132.031,57,23,2
80.0,90,5,1
121.50399999999999,60,55,3
293.651,158,35,5
156.966,156,31,1
139.45100000000002,158,35,4
29.383,156,41,1
73.717,158,35,1
817.986,68,12,1
642.285,115,55,1
219.72899999999998,68,43,2
61.146,46,5,1
56.617,8,22,1
399.579,29,42,1
226.463,98,54,1
1101.517,163,41,1
178.483,163,31,1
910.631,112,33,1
123.714,112,43,1
310.437,112,42,2
199.108,55,2,1
94.963,54,24,1
60.288,21,14,1
125.641,21,13,1
642.855,82,25,1
111.098,82,14,1
126.047,82,24,1
919.531,141,4,1
360.469,141,3,1
453.701,90,33,1
528.994,90,43,1
79.047,59,5,1
83.632,86,4,1
179.503,133,4,1
121.815,103,10,2
153.265,102,20,1
24.99,102,30,1
328.86899999999997,102,51,3
93.026,104,54,2
80.086,162,30,1
198.417,164,20,1
93.091,148,22,1
80.007,148,32,1
82.821,148,42,1
224.081,148,43,2
211.275,131,5,1
355.01800000000003,81,45,2
232.332,126,15,1
230.659,126,24,1
59.369,123,33,1
357.64,123,53,1
1024.6090000000002,16,5,2
255.391,69,25,1
920.893,25,53,2
15.828,66,2,1
464.172,66,12,1
644.341,122,20,1
235.659,64,1,1
1106.9550000000002,5,22,2
173.04500000000002,5,12,2
49.794,5,22,1
92.768,5,12,1
1225.478,138,14,1
248.049,138,21,1
206.473,138,42,1
80.0,17,2,1
73.911,107,1,1
406.089,107,11,1
340.74,63,15,1
361.024,63,25,3
3.808,63,4,1
984.578,46,32,1
155.198,46,34,1
140.224,46,33,1
1488.2870000000003,100,3,3
191.71200000000002,135,2,2
80.0,142,2,1
69.762,107,3,1
215.396,107,22,1
194.842,107,11,1
654.85,138,1,2
18.353,155,0,1
206.79700000000003,155,10,2
74.736,94,0,1
1258.486,14,13,1
272.393,40,32,2
149.121,40,22,1
65.426,162,0,1
241.032,3,3,1
100.423,12,14,1
138.546,6,33,1
33.686,122,23,1
460.37300000000005,122,34,3
9.788,122,35,1
92.256,120,31,2
283.896,120,21,1
530.787,6,31,1
24.227,8,50,1
132.096,7,50,1
1285.588,30,1,1
225.878,32,10,1
168.534,32,0,1
269.353,154,3,1
42.277,92,5,1
168.369,92,0,1
31.334,58,2,1
848.666,58,12,1
1280.0,69,32,3
80.0,48,1,1
880.0,19,54,4
80.0,25,1,1
480.0,155,1,2
924.432,18,45,2
355.568,18,44,2
463.993,97,22,1
80.0,45,4,2
182.281,66,15,2
297.71799999999996,66,25,3
34.499,66,15,1
124.413,66,25,2
676.03,132,52,1
203.971,132,41,5
187.53,83,5,1
514.501,83,15,2
369.444,83,25,1
68.352,83,15,1
208.525,83,14,2
654.723,127,21,1
777.724,127,41,1
12.389,127,0,1
165.054,105,5,3
16.809,44,2,1
63.191,159,1,1
41.112,31,10,1
455.396,31,31,1
40.187,31,30,1
140.825,31,45,2
202.48000000000002,31,44,2
182.792,40,14,1
746.282,40,24,1
164.077,78,54,1
1430.455,33,34,1
73.776,33,24,1
80.0,101,2,2
296.504,140,35,1
20.486,140,20,1
18.101,140,10,2
144.91,138,10,2
586.113,17,5,2
143.687,49,11,2
150.2,49,21,1
1110.51,114,43,1
112.136,114,44,1
457.35400000000004,114,50,2
80.0,24,2,1
45.72,74,1,2
219.539,119,42,2
719.004,44,24,2
160.997,44,34,1
177.237,32,21,1
1102.763,32,31,2
968.388,23,30,1
125.691,23,33,1
185.921,23,32,1
1680.0,30,4,2
80.0,114,1,1
880.0,46,34,1
921.247,30,11,2
358.753,30,10,3
1337.9,79,2,1
342.1,79,4,1
80.0,32,4,1
229.199,114,22,1
250.801,114,23,1
577.124,85,1,1
302.876,84,15,1
80.0,55,3,1
80.0,116,0,1
128.44400000000002,45,5,2
178.629,45,10,1
70.281,40,0,1
102.646,53,2,1
163.936,41,12,1
514.847,41,22,2
201.216,44,12,1
1280.0,118,1,4
629.9970000000001,132,12,2
1050.003,132,22,1
287.029,132,12,1
80.0,67,35,1
371.519,26,23,1
13.3,26,42,1
745.038,96,15,1
228.17700000000002,97,11,3
80.0,103,1,1
23.078,44,5,1
294.371,44,25,1
162.551,44,15,1
223.015,46,2,1
656.9849999999999,46,23,3
760.172,25,0,2
331.225,25,1,4
1680.0,11,14,2
80.0,121,2,1
136.589,20,24,1
343.411,20,45,1
353.909,146,20,1
180.636,145,40,1
406.692,143,24,1
80.0,14,0,1
98.599,106,1,1
518.921,70,5,2
361.079,70,15,2
114.88,70,5,1
1082.216,37,0,4
197.78300000000002,37,1,7
80.0,13,0,1
241.464,35,24,2
853.595,86,40,3
156.077,86,51,1
270.329,86,41,1
14.638,17,3,1
1665.362,17,43,6
80.0,97,2,1
362.493,18,22,1
917.507,18,43,4
80.0,126,3,1
480.0,160,14,1
181.765,26,4,1
870.729,26,45,1
28.547,26,44,1
198.958,26,24,1
669.569,30,32,1
713.443,30,54,1
33.86,30,44,1
263.128,69,42,2
80.0,139,4,1
193.991,17,51,1
80.0,132,1,1
125.658,121,5,1
31.465,121,10,1
322.877,121,21,6
500.03099999999995,144,21,3
379.969,144,31,1
960.806,0,43,1
35.254,12,35,1
15.97,12,45,1
83.826,12,41,3
568.543,97,3,2
317.334,97,43,1
306.86400000000003,3,31,4
478.042,59,24,1
135.345,55,32,2
16.575,55,42,1
22.285,55,51,1
47.094,57,52,2
100.044,57,50,1
92.696,69,24,1
9.924,57,34,1
196.876,113,1,1
283.124,113,12,1
680.14,131,5,2
199.86,131,4,1
761.813,107,20,1
518.186,105,20,3
1518.607,36,20,2
7.946,37,30,1
153.447,37,31,1
80.0,35,3,1
26.577,131,3,1
173.815,131,12,1
279.60799999999995,83,32,4
114.685,109,4,1
431.697,109,14,2
1.515,109,24,1
255.988,109,23,2
699.866,109,50,1
480.0,81,41,2
957.218,29,23,1
322.782,67,20,1
650.596,62,32,2
100.401,62,53,1
480.0,64,1,3
463.779,144,0,1
46.119,144,10,1
370.102,145,11,1
319.274,121,31,1
80.0,89,2,2
40.785,12,32,1
112.782,12,22,1
85.221,12,23,1
1031.314,72,45,1
45.986,72,44,1
10.022,72,34,1
192.678,72,35,2
365.6,78,44,1
80.0,132,1,1
35.259,34,0,2
48.647,34,10,1
226.95999999999998,34,20,2
169.13400000000001,34,4,2
634.675,113,30,2
15.499,112,25,1
53.205,110,24,2
176.622,110,15,1
1452.44,12,3,2
227.56,12,2,1
80.0,48,2,1
278.718,158,21,1
28.237,157,5,1
173.04399999999998,75,1,3
280.783,138,20,2
599.2170000000001,138,55,5
182.414,132,5,1
1097.587,132,25,3
54.273,38,21,1
1303.6599999999999,38,31,2
322.067,38,22,1
80.0,13,4,1
97.933,54,13,1
382.067,54,40,2
145.127,9,1,1
296.238,11,35,1
261.496,97,5,1
577.939,98,31,1
298.999,98,41,1
1459.509,86,2,2
220.491,86,1,1
152.065,86,2,1
80.0,49,1,1
73.927,0,11,1
240.464,2,50,5
429.883,141,21,1
39.492,143,25,1
8.363,143,35,1
402.263,143,30,1
83.566,121,22,1
577.621,48,10,1
618.349,50,30,1
291.019,50,31,2
193.01,50,21,1
80.0,14,5,1
103.47,141,10,1
210.546,141,21,1
22.054,141,11,1
143.93,141,20,1
301.971,91,10,1
408.46400000000006,91,21,3
120.578,91,30,1
48.987,91,31,1
118.955,91,21,2
75.983,123,52,1
204.995,65,5,1
17.325,110,21,1
257.68,110,22,2
650.8789999999999,109,4,2
229.121,138,4,1
693.87,65,42,1
586.13,65,51,3
64.574,3,3,1
117.25,83,10,1
53.515,81,31,1
181.857,81,41,1
114.038,86,41,1
80.0,157,4,2
387.361,50,23,1
492.64,97,45,3
355.8,51,32,1
202.959,153,20,1
1129.092,153,50,1
80.0,122,0,1
171.719,132,2,1
596.539,110,1,1
178.327,110,11,1
168.38,110,12,2
336.755,145,33,5
80.0,109,2,2
297.858,122,5,1
139.737,120,1,1
623.3,36,33,3
256.7,36,32,1
442.704,122,12,1
299.59,74,53,2
112.4,74,55,2
374.16,30,22,1
948.215,30,42,1
80.0,151,4,1
23.185,122,1,1
30.675,122,11,1
10.223,122,30,1
46.278,122,40,1
29.678,122,35,1
93.32,120,31,1
672.59,100,2,3
207.41,100,12,2
144.294,100,2,1
296.847,132,11,1
693.634,134,45,2
64.061,91,41,1
100.992,132,42,1
1680.0,16,32,4
80.0,158,5,1
352.497,70,0,1
47.423,70,15,1
283.344,116,24,2
196.737,116,34,2
99.369,1,5,1
271.703,1,15,1
253.536,60,0,1
143.358,20,22,1
336.642,17,32,1
564.36,6,0,1
468.471,6,15,1
247.16899999999998,8,20,4
320.871,34,1,1
351.918,34,31,1
637.107,42,5,1
505.849,87,22,2
137.044,87,32,1
295.609,87,22,1
71.503,89,21,1
96.093,162,10,1
220.555,162,30,2
163.352,162,35,1
444.082,152,23,1
347.595,106,14,1
271.058,55,24,1
185.818,106,44,1
784.872,117,23,1
99.082,150,45,1
240.709,150,55,3
1542.0439999999999,124,40,5
137.956,124,50,1
80.0,41,4,1
257.698,90,54,1
222.302,90,44,1
701.803,44,44,2
229.883,44,55,1
57.219,25,44,1
80.0,34,0,1
653.87,71,50,2
127.899,148,1,1
115.801,148,21,1
80.0,135,5,1
232.211,147,12,1
247.789,147,13,1
83.125,39,12,1
289.346,39,43,1
125.806,39,54,1
799.741,9,54,1
173.121,9,53,1
80.0,37,4,1
256.565,138,25,1
223.435,138,10,1
360.311,154,25,1
106.743,154,30,1
828.936,143,10,3
176.499,143,30,1
62.539,143,34,2
212.02499999999998,143,23,3
1094.756,156,3,1
189.523,156,13,1
14.13,83,10,1
287.947,81,10,4
16.038,83,20,1
77.606,81,20,2
18.646,100,4,1
461.353,100,31,3
16.796,13,0,1
641.412,13,30,2
21.822,12,20,1
18.724,12,10,1
181.245,14,0,3
504.347,63,13,1
578.5649999999999,63,45,2
197.08999999999997,63,35,4
74.551,94,25,1
480.0,151,13,2
257.656,55,25,3
1078.174,124,15,2
33.518,124,5,1
4.261,77,3,1
164.046,77,14,2
184.111,11,25,1
84.709,129,1,1
352.858,129,21,1
280.956,129,22,3
161.477,129,12,2
33.253,129,22,1
85.878,129,12,1
1060.4379999999999,144,14,2
36.452,108,12,1
183.11,145,1,1
1481.117,42,2,2
198.883,11,12,2
80.0,163,0,1
210.007,89,15,1
269.992,43,22,4
737.343,65,22,3
142.65699999999998,65,23,3
74.748,65,22,2
85.381,65,23,1
775.1590000000001,5,23,2
504.84,5,22,1
195.055,5,23,1
80.0,53,4,2
1063.4,155,14,1
238.965,121,23,2
135.483,121,22,2
242.152,153,21,1
76.099,5,0,1
520.602,20,12,1
131.596,20,13,1
227.802,112,33,1
485.03,148,35,1
637.4649999999999,148,55,4
157.505,148,54,1
480.0,90,12,4
879.9999999999999,61,3,3
91.762,9,3,1
277.04200000000003,3,14,2
235.118,18,14,1
183.075,18,24,1
461.807,18,25,1
313.373,105,5,1
561.099,102,42,6
67.554,35,23,1
466.304,133,33,1
71.057,133,43,1
181.164,133,42,2
56.703,131,35,2
104.773,131,34,1
1280.0,29,15,3
80.0,99,0,1
271.594,71,0,1
208.406,121,4,1
307.118,117,4,3
482.72,117,15,1
90.163,117,5,1
149.565,117,4,2
820.172,126,30,2
324.985,126,40,1
37.229,126,30,1
134.843,126,31,1
773.358,106,3,1
764.553,104,25,4
142.089,106,33,1
80.0,148,3,1
743.037,21,5,2
136.963,21,15,1
407.658,108,54,3
1156.482,61,3,2
29.834,61,22,1
240.26,61,21,1
253.425,61,11,2
80.0,2,1,1
177.327,12,15,2
147.502,12,12,1
155.17000000000002,12,11,3
9.674,52,40,1
892.006,52,50,1
689.157,84,2,1
422.88,84,13,1
23.714,84,25,1
120.472,85,31,1
280.53999999999996,85,41,2
143.236,85,42,1
80.0,100,5,1
170.283,117,1,1
658.525,56,23,1
97.989,100,25,1
20.739,56,24,1
97.349,100,24,1
197.423,97,42,1
245.955,27,1,1
1130.291,27,21,1
303.754,27,20,2
80.0,101,4,1
480.0,138,13,1
115.799,18,34,1
1046.344,48,5,1
30.065,119,33,1
203.591,119,43,1
942.474,145,1,1
629.627,108,22,4
107.898,108,12,1
135.368,108,22,2
167.357,154,25,1
57.478,155,32,1
13.338,155,42,1
96.44999999999999,55,45,2
483.517,55,55,1
52.379,55,45,1
300.033,55,54,2
887.136,49,11,1
225.975,15,21,1
221.494,15,31,2
345.39599999999996,17,35,2
80.0,18,2,1
113.286,144,10,1
25.136,144,0,1
176.175,132,44,2
378.14700000000005,95,13,2
501.853,95,24,1
875.912,57,54,2
352.915,157,0,1
732.948,157,10,2
269.886,157,15,1
3.397,42,11,1
2.716,42,21,1
318.13599999999997,42,22,2
80.0,162,0,1
253.675,141,5,1
65.677,141,4,1
160.64700000000002,31,3,3
671.492,147,22,1
208.50799999999998,147,12,2
1280.0,162,30,4
491.18699999999995,22,51,2
80.0,55,0,1
480.0,26,25,1
370.195,128,31,1
80.0,59,42,1
228.667,66,21,1
40.27,68,25,1
50.816,115,4,1
160.247,96,0,3
523.682,160,3,1
212.048,162,2,2
50.515,162,12,1
113.46,162,2,1
1161.531,111,0,1
358.871,111,14,2
159.597,111,4,1
80.0,130,4,2
460.412,79,1,2
32.447,24,0,1
149.307,24,5,2
80.0,117,5,1
161.368,0,44,1
181.84300000000002,0,45,2
136.789,0,40,2
53.277,25,44,1
253.2,25,54,1
1080.923,130,12,1
399.067,159,31,1
58.307,161,25,3
136.022,157,24,1
480.0,156,21,1
359.567,78,11,1
920.433,78,45,1
683.83,53,22,1
480.0,33,2,3
154.391,15,20,1
613.7529999999999,17,55,3
111.856,15,51,3
920.525,149,35,1
160.955,112,33,1
6.554,112,31,1
191.966,112,41,3
456.139,103,0,1
1003.545,102,50,1
45.804,102,51,2
174.512,102,41,1
416.009,160,20,1
210.992,161,30,1
76.925,159,30,1
176.074,28,4,1
344.53,117,5,1
577.023,114,33,1
878.649,67,34,1
80.0,9,2,1
446.899,60,22,1
110.747,60,21,1
100.337,60,45,1
222.017,60,50,4
1149.5680000000002,16,0,4
130.43099999999998,16,1,3
15.564,16,0,1
82.053,16,1,2
1028.296,64,40,1
275.619,64,41,2
376.086,64,51,3
75.052,17,1,1
96.326,149,4,1
783.674,149,51,2
1280.001,134,2,6
202.359,63,34,1
627.907,63,44,1
247.165,63,54,1
480.0,40,30,2
509.381,37,1,1
370.619,37,11,3
1280.0,49,32,2
70.281,124,1,1
479.999,118,22,3
1216.691,141,20,1
193.402,141,22,2
22.221,141,32,1
54.757,103,52,1
80.0,72,1,1
238.331,56,34,2
574.394,110,13,1
95.556,110,14,1
10.849,110,24,2
199.20100000000002,110,34,2
358.818,134,23,1
429.829,134,33,1
80.0,163,4,1
69.494,37,4,1
53.435,44,12,1
33.573,44,1,1
127.947,19,45,1
675.978,39,0,1
35.189,146,53,1
1071.367,80,5,1
184.213,145,30,1
937.662,99,20,1
522.472,101,35,2
219.865,101,20,1
80.0,108,2,1
18.128,100,15,1
275.286,100,25,2
186.586,100,34,1
622.12,7,0,1
58.208,7,5,1
39.052,8,11,1
160.621,8,21,2
73.789,122,2,1
977.255,122,22,1
228.956,122,12,2
460.505,139,30,1
80.0,43,3,1
7.785,126,2,1
214.015,126,32,3
258.2,126,41,1
568.29,42,21,1
39.387,42,15,1
61.12,42,25,1
211.203,87,32,1
356.545,154,10,1
1151.51,154,20,2
171.945,154,30,2
70.253,142,53,1
480.0,41,5,3
451.281,155,11,1
29.397,155,20,1
167.541,155,30,1
241.656,131,21,1
910.063,163,21,1
179.65,90,41,1
340.426,90,51,2
46.778,92,35,2
170.065,92,44,1
80.0,162,4,1
117.633,87,15,2
4.64,87,25,1
357.726,87,43,3
301.964,40,0,1
151.667,40,11,1
70.348,40,21,2
885.251,162,1,2
70.689,161,24,1
324.06,157,5,1
1680.0,155,32,4
80.0,92,5,1
275.987,154,15,1
11.822,155,1,1
77.453,41,4,1
624.892,37,4,1
34.09,82,1,1
111.396,146,24,1
461.293,26,23,1
290.317,4,55,1
480.0,11,2,2
23.127,58,54,1
1280.0,86,43,1
181.03,104,3,1
101.898,104,11,1
197.072,102,20,1
487.764,118,54,2
792.933,75,20,1
334.839,75,31,2
7.237,75,21,1
144.991,75,22,1
1149.549,147,33,1
459.235,112,40,1
75.847,90,32,1
299.049,95,41,1
392.061,92,53,1
64.539,95,22,1
124.352,95,24,1
291.147,72,31,1
1056.4569999999999,160,35,2
153.0,160,45,2
80.0,86,3,2
480.00000000000006,62,35,4
615.679,121,14,1
664.321,121,30,4
1084.499,83,2,1
93.651,83,1,1
50.175,83,11,1
451.676,83,31,1
80.0,26,4,1
80.0,2,4,1
301.751,130,22,1
24.834,159,11,1
54.028999999999996,161,5,2
99.386,86,2,1
326.206,72,22,1
363.111,72,31,1
190.682,72,32,2
69.735,110,11,1
80.0,10,2,1
313.46500000000003,18,14,2
538.404,109,2,2
341.596,109,22,3
1280.0009999999997,122,35,9
290.384,142,2,1
310.554,144,11,1
49.53,146,10,1
171.561,146,30,1
80.0,100,5,1
59.232,5,2,1
420.768,5,12,1
255.579,47,43,1
158.233,151,50,1
1457.976,104,22,1
76.466,104,12,1
145.558,104,3,2
80.0,3,10,1
1037.396,59,43,1
9.94,59,42,1
232.663,59,31,3
1460.7769999999998,37,35,3
219.223,37,30,2
170.386,37,35,1
80.0,17,1,1
7.123,22,13,1
102.108,22,53,1
202.712,79,41,1
1280.0,46,23,6
80.0,47,0,1
286.258,118,5,1
125.792,86,0,2
67.95,86,10,1
122.666,86,0,1
1031.315,109,14,1
248.685,109,3,2
80.0,33,3,1
480.0,53,1,2
239.617,72,2,1
161.469,70,21,2
271.783,70,31,1
25.216,69,25,2
181.915,69,5,1
80.0,111,0,1
306.161,36,25,2
124.473,36,1,3
533.927,159,21,1
68.481,159,20,1
277.591,159,24,2
80.0,132,0,1
480.0,150,5,2
405.568,93,0,1
28.728,95,25,1
246.014,95,24,1
199.69,124,2,2
329.76599999999996,53,52,2
430.692,153,52,1
80.0,160,1,1
634.168,13,34,2
68.731,13,13,3
177.101,13,12,1
1680.0,44,20,1
80.0,138,3,1
480.0,120,20,2
228.089,29,15,1
46.223,27,31,1
841.874,102,10,1
154.184,141,23,1
143.047,108,14,1
80.0,114,2,1
352.058,162,30,2
527.943,162,35,2
454.133,143,42,1
111.634,21,53,1
480.0,127,2,3
1102.631,163,4,1
29.267,119,0,2
73.061,119,10,1
21.595,119,0,1
75.041,119,11,1
630.062,97,12,2
80.0,140,0,1
388.073,141,32,5
112.58,141,42,1
729.108,84,31,1
364.06399999999996,84,30,3
186.82800000000003,84,40,3
108.869,84,30,1
80.0,113,2,1
1.82,65,1,1
119.897,77,0,1
815.708,77,21,1
110.66,120,23,1
208.381,126,43,1
160.959,126,44,1
14.042,27,12,1
253.688,27,21,1
612.271,27,31,2
38.812,152,4,1
170.324,148,23,1
1498.029,144,30,2
50.009,144,20,1
131.962,145,30,1
80.0,55,1,1
284.189,72,10,1
400.624,72,20,1
195.188,72,15,2
645.001,18,40,1
1343.672,112,1,1
37.268,112,2,1
192.69,149,4,3
80.0,152,1,1
480.0,27,34,1
462.545,90,32,1
178.709,90,41,2
885.276,16,4,1
549.285,13,24,3
245.438,13,33,1
80.0,48,2,1
429.16700000000003,138,40,4
50.832,138,30,1
143.618,138,40,3
101.291,97,50,1
247.286,128,30,1
306.366,128,40,1
470.72200000000004,126,51,2
80.0,36,1,1
74.451,82,11,1
143.227,82,22,1
262.323,82,31,5
537.036,149,10,1
101.055,147,10,1
241.909,149,45,1
1297.803,78,54,1
382.197,81,53,3
80.0,84,1,1
106.608,152,2,2
373.39099999999996,151,25,5
480.0,84,15,5
612.427,157,21,2
267.572,157,31,3
1044.493,144,41,1
636.006,5,14,1
80.0,38,2,1
78.118,107,1,1
168.287,107,32,2
44.582,107,22,1
133.44400000000002,107,21,2
632.955,150,12,1
197.547,150,21,1
80.0,97,2,1
139.765,148,35,1
341.874,56,20,2
138.126,56,10,1
135.213,17,3,1
678.9250000000001,17,52,3
65.863,17,51,2
157.178,17,52,1
284.70000000000005,99,13,2
1474.4980000000003,81,43,3
3.273,39,33,1
73.364,39,40,1
12.873,39,35,1
115.992,39,44,2
480.0,65,12,3
1053.666,160,2,1
226.334,61,22,2
295.968,84,3,1
315.832,79,4,1
384.074,79,20,1
180.094,79,0,1
869.765,87,30,1
80.0,51,3,1
108.683,76,21,1
521.88,35,12,1
358.12,35,23,1
503.653,128,35,1
555.503,128,45,1
220.845,23,25,2
333.025,72,25,1
1082.551,72,24,3
137.442,72,43,1
80.0,158,0,1
52.182,139,0,1
427.818,139,20,2
694.049,145,4,2
136.086,98,4,2
1118.934,152,10,3
161.065,150,20,1
726.894,137,3,1
261.534,137,13,1
449.21,163,15,1
242.36200000000002,163,5,3
46.814,104,0,2
31.347,103,5,1
252.914,113,2,1
227.08599999999998,113,3,2
32.261,102,35,1
847.738,102,45,5
1280.0,142,1,3
1182.465,70,32,1
497.53499999999997,70,41,2
80.0,53,0,1
675.482,6,35,2
46.903999999999996,6,32,2
40.927,6,43,1
116.687,6,33,1
208.894,35,0,1
427.306,35,20,2
288.908,0,20,2
188.89499999999998,0,30,2
80.0,82,2,1
233.106,100,2,2
546.855,55,21,1
198.12900000000002,55,24,2
135.01500000000001,55,23,2
100.693,55,24,1
373.476,30,5,1
510.138,30,15,1
155.157,30,10,1
241.229,61,1,2
822.742,107,20,1
403.004,107,30,1
36.932,107,34,1
417.32199999999995,61,44,4
80.0,139,1,1
117.131,140,35,2
32.679,140,50,1
215.805,140,51,2
322.526,5,44,1
13.908,5,53,1
80.0,36,3,1
320.762,38,4,1
159.238,105,2,1
426.386,87,0,2
302.29,88,10,3
151.324,88,4,1
591.237,83,12,1
80.0,102,2,1
199.289,84,14,1
80.0,40,3,1
480.0,153,3,2
131.713,117,4,1
553.206,61,22,1
86.326,61,32,1
432.906,61,51,1
207.563,61,41,2
80.0,145,4,1
271.159,26,21,1
208.841,26,10,1
628.326,82,12,1
1066.813,76,24,1
58.196,38,24,1
39.323,38,55,1
650.415,49,12,2
42.808,44,3,1
437.192,44,23,5
651.769,101,24,1
114.84,139,2,2
113.39,139,12,1
155.59,42,41,1
1187.84,42,51,1
2.971,16,52,1
22.617,16,41,1
310.983,17,40,1
80.0,159,2,1
28.301,49,21,1
41.555,49,31,1
410.144,49,41,4
880.0,93,35,1
129.039,145,33,1
350.961,110,44,2
128.265,60,20,1
198.038,60,30,1
707.6,52,0,1
315.439,51,43,2
27.477,18,45,1
229.484,18,44,1
61.444,75,2,1
299.418,81,1,2
180.582,145,25,1
556.4159999999999,77,25,2
439.926,77,34,2
283.658,125,32,2
411.874,55,34,1
80.0,145,2,1
232.791,5,25,2
247.209,5,35,1
153.936,43,22,1
123.43,43,32,1
602.634,43,43,5
1205.258,146,1,2
130.733,146,20,1
123.162,145,20,1
128.58100000000002,145,14,2
69.24,124,21,1
23.626,67,55,1
169.704,71,44,1
40.381,117,3,1
489.606,117,33,2
350.013,147,44,1
108.954,28,3,1
898.884,28,23,1
69.922,26,14,2
202.24,4,14,1
941.981,38,52,1
58.493,47,55,1
115.44,47,50,1
441.262,85,42,1
837.705,39,2,1
213.78699999999998,85,20,3
228.50799999999998,84,10,2
584.146,124,33,1
704.394,124,43,2
80.0,27,2,1
90.201,120,44,1
513.742,106,0,1
366.25800000000004,105,10,3
817.724,150,24,1
462.276,150,25,1
528.851,48,32,1
406.019,48,42,1
139.397,48,53,1
80.0,86,4,5
64.569,24,11,1
71.22,25,50,1
161.578,24,50,1
628.313,66,1,2
251.688,65,30,1
790.687,7,3,1
1.625,7,24,1
246.187,7,45,1
134.435,60,5,1
256.51,61,21,2
89.055,63,22,1
385.422,74,1,1
494.578,73,25,4
533.909,55,50,1
1417.48,151,5,1
80.0,106,1,1
245.662,86,13,1
234.338,86,11,1
79.591,140,0,1
800.41,138,30,4
1280.0,134,21,3
1442.621,127,44,1
10.88,127,25,1
226.499,83,13,2
80.0,52,3,1
134.613,134,14,1
1401.843,148,13,1
143.345,150,1,1
134.812,148,2,1
80.0,87,5,2
275.808,29,5,1
196.03,69,3,2
196.297,130,10,1
900.981,37,32,1
128.013,36,40,1
1294.975,44,11,1
44.961,44,10,2
180.154,44,15,1
9.858,44,10,1
159.91,44,0,1
167.102,100,23,1
312.898,100,32,1
948.8910000000001,122,21,2
100.366,122,31,1
230.744,121,35,1
416.294,119,15,1
6.775,119,25,1
80.0,111,0,1
330.455,20,20,2
149.545,20,10,1
105.623,114,0,1
339.041,114,10,1
351.294,114,25,2
84.041,114,15,1
144.68,114,25,1
1445.4379999999999,154,15,2
234.562,15,10,1
80.0,9,2,1
1066.722,108,0,1
213.278,78,5,1
80.0,48,10,1
56.311,36,21,1
562.384,161,23,3
105.684,157,24,1
787.967,21,4,1
167.873,21,13,1
324.15999999999997,21,33,2
906.8389999999999,17,12,2
57.113,17,22,1
716.048,2,32,2
80.0,47,5,1
19.442,164,0,1
191.279,164,20,2
43.389,164,21,1
225.889,164,31,2
663.429,107,25,2
92.598,107,30,1
123.973,107,35,1
1120.89,112,22,4
159.111,112,12,2
558.005,110,33,1
80.0,42,0,1
4.634,94,4,1
265.668,94,14,1
19.32,94,5,1
190.377,63,12,1
1440.794,81,1,1
237.751,98,12,4
216.087,15,2,2
666.538,132,14,1
213.46200000000002,132,3,2
65.805,95,1,1
101.915,20,15,1
28.173,20,25,1
120.128,18,21,1
656.941,105,4,1
76.49900000000001,155,12,3
146.56,155,25,2
337.128,23,43,1
1280.0,162,10,3
115.219,67,3,1
364.78200000000004,67,24,2
542.402,20,21,1
87.275,17,33,1
250.323,17,23,2
80.0,40,0,1
38.229,8,14,1
187.483,28,54,2
110.863,111,12,1
460.273,111,22,2
308.863,111,32,1
649.963,106,21,1
186.049,102,41,1
1293.456,121,15,3
160.694,74,12,2
40.793,74,2,1
71.709,163,1,1
113.348,163,0,1
80.0,7,1,1
231.417,60,4,1
73.404,60,2,1
175.179,60,12,1
497.78,25,20,1
255.67700000000002,25,33,2
15.329,25,14,1
111.214,25,13,1
1280.0000000000002,129,20,4
359.637,50,44,2
149.85199999999998,50,45,4
175.779,50,55,5
80.0,60,2,1
288.349,103,0,1
56.975,162,2,1
134.676,162,4,1
453.669,98,1,2
249.241,97,10,1
74.379,98,11,1
102.71,97,15,1
203.73,90,20,1
470.277,90,30,1
254.80100000000002,90,55,3
351.193,132,53,6
10.961,34,5,1
214.624,34,15,1
101.75,35,11,2
152.664,34,25,2
1280.0,118,0,2
438.35699999999997,86,55,2
80.0,82,4,1
36.953,81,23,1
167.425,81,33,1
167.241,79,32,2
108.381,79,31,2
562.3480000000001,113,14,3
72.683,113,15,2
244.969,113,10,1
169.773,125,54,1
80.0,155,3,1
348.04799999999994,149,12,4
131.952,149,3,1
1128.357,47,3,3
151.642,47,2,1
1400.201,120,5,2
80.0,88,4,1
208.953,102,10,1
139.985,102,11,1
131.061,102,0,1
623.025,125,21,2
256.975,124,25,2
69.04,25,43,1
80.0,98,1,2
165.601,158,12,1
409.116,158,45,1
305.283,158,55,2
404.748,125,44,2
875.253,125,54,1
1312.089,94,24,2
121.356,94,43,1
246.555,94,41,2
80.0,78,0,1
292.702,16,43,1
187.297,16,33,2
525.346,51,25,2
354.655,51,30,3
1023.052,151,40,1
153.05700000000002,150,40,2
103.891,150,30,1
80.0,103,5,1
42.56,21,12,1
437.44000000000005,21,22,2
433.675,45,1,1
8.951,47,14,1
437.374,47,23,3
1125.654,31,3,1
554.347,31,2,3
80.0,40,2,1
480.0,133,35,3
26.581,151,1,1
368.135,151,35,1
95.289,151,41,1
1008.045,52,12,1
8.829,52,3,2
263.126,52,0,1
80.0,129,4,2
120.693,162,22,1
359.307,162,31,1
70.938,71,42,1
234.509,41,10,1
81.677,41,20,1
402.843,41,30,1
151.596,39,40,1
409.375,39,50,2
863.859,6,14,1
80.0,111,4,2
109.168,159,2,1
313.962,61,3,1
278.798,61,13,1
235.983,61,32,1
27.573,61,41,1
227.252,61,51,1
196.43200000000002,61,40,3
80.0,113,4,1
480.0,123,24,2
566.885,135,10,2
313.115,94,11,2
142.628,25,25,1
12.735,25,55,1
56.436,26,41,1
155.873,26,50,1
72.107,38,5,1
279.802,136,24,1
200.198,136,25,1
560.038,112,32,1
105.636,112,33,1
29.709,112,22,1
184.61700000000002,147,22,2
835.231,74,31,1
49.43,124,52,1
1680.0,61,24,1
80.0,94,2,1
196.887,20,35,1
136.32,22,41,3
146.793,18,32,1
1280.0,161,12,4
675.964,164,35,1
195.30200000000002,122,24,2
509.04900000000004,66,15,2
68.436,27,21,1
302.51599999999996,27,31,3
31.62,132,3,1
659.328,132,23,1
205.193,132,34,1
383.85900000000004,132,44,3
166.865,142,34,2
80.0,60,5,1
202.72,38,43,1
46.994,10,40,1
616.95,148,12,1
50.164,148,11,1
212.886,22,13,1
952.555,114,5,1
41.829,114,10,1
205.958,114,31,4
479.658,114,41,2
182.248,114,31,3
73.066,5,22,1
515.595,57,1,1
187.664,57,11,1
984.0840000000001,83,10,2
1680.0,104,45,3
80.0,4,5,1
98.99,71,0,1
161.191,48,1,1
989.555,145,30,1
441.95599999999996,146,30,3
31.858,144,21,1
36.116,146,5,1
19.508,146,4,2
161.008,146,13,1
80.0,48,5,1
662.385,159,22,1
217.615,159,13,1
316.495,153,45,1
127.125,153,50,1
823.489,3,1,1
650.793,4,40,1
22.533,3,30,1
80.0,34,3,1
132.01,74,20,1
528.613,74,30,1
67.604,72,20,1
151.774,74,25,1
1023.563,164,50,1
125.454,163,30,1
130.983,162,50,1
80.0,51,1,1
21.291,116,10,1
292.9,116,20,2
165.809,116,21,3
1074.345,81,12,2
205.655,99,23,1
1269.339,72,35,1
63.543,73,31,1
275.723,73,32,1
80.0,139,0,2
330.951,54,52,3
362.897,107,22,1
661.191,107,32,1
99.636,62,22,1
156.276,62,32,1
96.56099999999999,5,33,3
423.784,5,43,1
28.386,5,33,2
125.972,5,44,1
80.0,124,4,1
880.0,79,22,2
80.0,37,1,1
157.507,101,5,1
81.995,101,0,1
240.499,100,5,3
484.073,44,3,1
28.56,44,22,1
640.5260000000001,44,32,3
126.841,44,21,1
167.877,44,32,2
522.457,128,44,1
726.505,128,55,1
80.0,16,0,1
248.264,107,1,3
231.737,4,5,1
16.839,141,5,1
633.488,141,45,1
31.007,141,31,1
198.666,141,42,3
1064.047,34,24,1
87.991,34,4,1
127.962,34,14,1
80.0,27,5,1
354.049,145,2,2
125.95,145,3,1
14.336,125,12,1
479.942,125,22,1
214.591,80,32,1
150.16899999999998,77,22,3
1108.701,55,5,3
171.299,55,0,1
80.0,137,5,1
322.545,123,22,2
157.455,123,3,2
320.66,4,14,1
196.327,4,24,1
13.466,26,35,1
303.486,24,40,3
1280.0,66,21,1
1680.0,62,21,1
80.0,95,0,1
332.839,118,5,4
147.161,119,1,1
134.113,99,0,1
251.893,99,10,1
0.717,99,20,1
329.871,99,35,2
102.895,99,33,1
754.386,33,5,1
259.028,33,14,1
2.519,33,25,1
264.066,34,41,4
80.0,72,3,1
257.741,97,25,1
79.923,97,20,1
142.33599999999998,97,15,2
766.038,136,5,1
80.0,85,0,1
174.16,77,34,1
32.568,77,33,1
62.701,77,43,1
84.435,77,54,1
126.135,77,44,1
223.722,97,12,1
175.774,95,44,1
114.493,95,55,1
65.758,95,54,1
546.161,101,12,1
733.8389999999999,101,23,2
447.258,88,40,1
80.0,60,12,1
298.692,100,12,1
46.493,100,2,1
134.814,100,21,1
1059.097,8,10,2
78.246,8,21,1
142.656,8,0,1
1680.0000000000002,7,22,4
479.99999999999994,124,4,3
1045.313,125,34,1
441.498,125,44,2
193.189,125,54,1
80.0,105,1,1
480.0,103,24,2
189.151,148,2,1
501.423,148,32,2
1340.081,36,42,1
139.702,36,31,1
200.217,36,20,2
160.21,51,4,3
64.366,51,14,1
11.3,51,4,1
255.425,51,13,1
732.991,57,20,1
16.153,57,31,1
327.93,57,42,1
202.926,57,45,1
1545.098,154,10,4
134.902,155,10,3
80.0,105,2,1
247.65800000000002,50,11,2
1280.0,3,43,4
651.075,13,12,1
149.063,13,22,1
80.0,133,3,1
480.0,134,35,3
211.027,134,14,1
339.523,134,24,1
116.426,134,20,3
78.265,134,11,1
134.758,134,10,1
943.424,18,0,1
413.67900000000003,18,22,2
46.067,18,23,1
73.363,18,33,2
203.46800000000002,18,34,2
80.0,140,2,1
34.301,88,0,1
569.613,88,10,1
11.099,88,2,1
264.987,47,14,1
554.625,71,35,1
66.749,0,0,1
193.255,115,1,1
286.746,115,11,3
633.93,77,13,1
51.909,124,25,1
389.81,124,35,1
204.35,77,24,1
1220.034,91,32,2
163.545,162,33,1
5.705,162,43,1
141.69,162,52,1
149.02700000000002,162,53,2
258.657,104,53,3
255.609,34,2,1
543.066,103,25,2
38.151,104,42,2
275.48199999999997,56,43,3
80.0,141,1,1
271.212,47,35,1
208.788,48,21,2
357.764,25,0,1
388.894,25,10,3
133.342,24,10,1
941.559,66,54,2
80.0,93,4,1
480.0,104,2,3
879.999,1,51,4
360.94,146,1,1
251.371,149,52,1
231.602,149,53,1
455.941,129,34,1
757.767,129,45,2
127.257,129,55,1
20.308,161,35,1
74.7,161,30,1
195.584,161,20,2
80.0,101,1,1
301.348,25,13,1
178.65200000000002,25,3,2
132.538,33,3,1
547.109,33,33,1
200.353,33,23,1
1029.548,90,42,1
250.451,162,35,2
1330.355,33,23,2
82.36,33,33,2
29.598,33,40,1
237.687,35,30,2
80.0,74,5,1
290.54,54,1,1
189.46,44,4,1
525.862,152,31,1
74.018,152,43,1
280.12,152,44,2
499.459,111,52,1
55.648,54,4,1
220.466,95,25,1
352.598,95,54,1
68.052,97,52,1
238.884,97,42,3
80.0,22,1,1
281.217,104,23,1
96.159,56,50,1
175.775,12,2,1
80.0,107,4,1
666.873,145,1,2
213.127,1,15,3
531.939,16,13,1
638.7280000000001,16,23,2
84.943,16,43,1
77.675,16,53,2
24.657,16,54,1
109.625,16,55,1
80.0,44,1,1
332.334,92,33,4
147.666,92,43,1
223.152,92,33,2
530.419,19,30,1
80.0,16,3,1
169.3,114,0,1
310.70000000000005,114,1,2
880.0,153,34,5
1081.702,21,24,3
198.298,21,34,3
1680.0000000000002,13,0,5
80.0,23,5,1
290.618,58,14,2
189.382,58,41,3
770.146,0,25,2
427.319,1,41,1
81.662,1,40,1
400.87300000000005,1,55,2
80.0,106,3,1
580.211,60,24,2
299.789,27,54,1
60.735,22,4,1
305.812,129,0,2
174.188,129,3,3
304.08,16,43,1
239.908,13,54,3
65.06,5,2,1
1053.974,24,30,1
226.025,24,25,4
1374.814,69,22,1
305.186,31,11,1
80.0,19,3,1
639.551,129,14,1
240.449,129,4,2
1046.761,107,30,1
203.365,106,55,2
1.633,141,0,1
105.569,142,1,1
158.019,137,2,1
1137.494,65,33,1
263.71799999999996,109,35,2
121.839,110,23,1
17.15,110,13,1
139.799,110,2,1
80.0,25,5,1
267.656,90,43,2
212.34500000000003,90,42,2
580.858,97,5,1
74.605,97,3,1
9.41,134,10,1
215.12800000000001,134,31,2
1060.285,118,5,1
219.715,139,2,3
77.807,26,45,1
624.821,26,50,1
331.70799999999997,28,50,4
80.0,82,2,1
880.0,86,24,3
80.0,135,3,1
1012.7740000000001,154,21,4
21.562,129,25,1
80.0,143,4,1
480.0,3,13,1
414.185,150,31,1
80.0,39,1,1
243.883,153,3,1
64.099,153,1,1
799.904,94,54,1
1195.972,85,33,2
172.43200000000002,85,32,2
191.292,39,31,1
42.407,85,32,1
120.303,85,42,2
80.0,55,4,1
22.149,94,25,1
799.688,94,3,1
480.31100000000004,94,0,4
75.534,54,4,1
175.845,100,44,1
457.741,8,1,1
822.259,8,21,3
80.0,82,5,1
129.064,24,10,1
350.93600000000004,26,20,3
132.286,91,22,2
594.502,91,31,1
36.676,91,22,1
7.353,91,21,1
145.859,90,15,2
384.803,127,5,1
641.589,127,24,1
112.602,127,21,1
15.188,127,11,1
125.819,127,10,1
80.0,1,34,1
78.746,84,45,1
419.242,84,54,1
145.94899999999998,81,12,2
1280.0,135,20,1
80.0,24,4,1
268.019,83,25,1
34.467,83,15,1
177.514,83,23,2
26.313,100,4,1
980.734,100,14,1
272.953,51,4,1
1401.144,161,12,2
28.795,158,32,1
250.06099999999998,158,33,3
80.0,27,0,2
117.165,27,50,2
133.306,27,45,1
729.749,24,15,2
150.251,24,0,1
1280.0,54,11,1
80.0,123,0,1
80.263,50,12,1
399.737,98,51,1
414.11899999999997,109,24,2
300.208,109,44,1
165.674,109,34,2
15.047,48,13,1
996.341,48,33,1
268.61199999999997,87,23,3
1355.989,16,21,1
88.56,42,2,1
83.695,16,11,1
80.0,5,4,1
35.382000000000005,148,11,2
301.85,147,20,1
48.27,68,43,1
831.73,68,53,3
100.818,96,55,1
80.0,153,0,2
104.661,155,51,1
880.0,71,24,2
427.58,18,5,1
554.815,18,15,1
76.759,18,10,1
45.787,19,22,1
65.118,19,32,2
79.328,19,30,1
1415.403,70,22,1
120.443,70,13,1
12.61,70,3,1
131.544,70,2,1
80.0,154,1,1
605.77,22,0,1
38.974,4,1,1
235.25500000000002,6,12,2
1027.294,65,25,2
252.706,63,1,1
342.382,54,43,1
790.4929999999999,54,53,2
80.0,158,2,1
124.675,142,15,1
355.325,142,24,3
1030.975,46,12,1
249.026,46,2,3
398.63,65,2,2
197.158,66,14,1
80.0,12,2,1
379.59999999999997,53,11,2
100.4,53,21,1
880.0,28,22,3
1359.943,156,41,2
176.426,156,31,3
143.632,156,30,4
80.0,42,3,1
303.404,143,52,3
326.126,136,23,1
98.067,136,44,1
307.789,73,31,1
